Image,Model,Condition,Precision,Recall,F1_Score,Dice,Panoptic Quality
X98655X5-x7936_y19200_w256_h256-img.tif,Cellpose,baseline,0.9280018133487193,0.7457977974662582,0.8269827570376628,0.8269827570376628,0.6072195175990843
X98655X5-x7936_y19200_w256_h256-img.tif,Cellpose,laplacian,0.9215420682469393,0.878810962987497,0.8996694074764771,0.8996694074764771,0.589580087065118
X98655X5-x7936_y19200_w256_h256-img.tif,Cellpose,unsharp,0.9238249594813615,0.7740332864121885,0.842321520287622,0.842321520287622,0.5799161054227513
X98655X5-x9728_y17664_w256_h256-img.tif,Cellpose,baseline,0.9427113574381983,0.8734472302826775,0.9067585063083341,0.9067585063083341,0.6206268681370843
X98655X5-x9728_y17664_w256_h256-img.tif,Cellpose,laplacian,0.9375657161064203,0.9593916077076066,0.9483531004254222,0.9483531004254222,0.6375077082750142
X98655X5-x9728_y17664_w256_h256-img.tif,Cellpose,unsharp,0.941991508395506,0.8788921130709791,0.9093485135989879,0.9093485135989879,0.6156581529529396
X98655X5-x14848_y15872_w256_h256-img.tif,Cellpose,baseline,0.920324118207817,0.8012848179011322,0.8566890285024669,0.8566890285024669,0.6266646902391604
X98655X5-x14848_y15872_w256_h256-img.tif,Cellpose,laplacian,0.9208896548010125,0.8515653530759271,0.8848717970832004,0.8848717970832004,0.6456887607544824
X98655X5-x14848_y15872_w256_h256-img.tif,Cellpose,unsharp,0.9209034365080822,0.8331728694266458,0.874844219791712,0.874844219791712,0.647004486767315
X98655X5-x12288_y17408_w256_h256-img.tif,Cellpose,baseline,0.9326059050064185,0.8065500971412711,0.8650096740586397,0.8650096740586397,0.6945499537239066
X98655X5-x12288_y17408_w256_h256-img.tif,Cellpose,laplacian,0.9349016390518825,0.8558064358132929,0.8936072280941016,0.8936072280941016,0.6978710065747687
X98655X5-x12288_y17408_w256_h256-img.tif,Cellpose,unsharp,0.9317252801465924,0.8633491698094725,0.8962349691120018,0.8962349691120018,0.7123341195005662
X98655X5-x12288_y17920_w256_h256-img.tif,Cellpose,baseline,0.9266475070177784,0.9116883116883117,0.9191070451946503,0.9191070451946503,0.6887244635060106
X98655X5-x12288_y17920_w256_h256-img.tif,Cellpose,laplacian,0.9277564783592775,0.990547427256288,0.958124299355208,0.958124299355208,0.6411999120791353
X98655X5-x12288_y17920_w256_h256-img.tif,Cellpose,unsharp,0.9282436378806842,0.9144336675982245,0.9212869032338206,0.9212869032338206,0.6823588241582169
X98655X5-x8704_y17408_w256_h256-img.tif,Cellpose,baseline,0.93572820941242,0.8250073656987593,0.8768865421585087,0.8768865421585087,0.5462667303784413
X98655X5-x8704_y17408_w256_h256-img.tif,Cellpose,laplacian,0.9333042060864744,0.9090909090909091,0.9210384484631394,0.9210384484631394,0.47667759624813155
X98655X5-x8704_y17408_w256_h256-img.tif,Cellpose,unsharp,0.9349447111887095,0.8414410580417062,0.8857320077878668,0.8857320077878668,0.5175472034626405
X98655X5-x10752_y17664_w256_h256-img.tif,Cellpose,baseline,0.9304742220691239,0.8024856407209349,0.8617536023820918,0.8617536023820918,0.5654109625026593
X98655X5-x10752_y17664_w256_h256-img.tif,Cellpose,laplacian,0.9272160721607217,0.9331385752954381,0.9301678964816598,0.9301678964816598,0.6218357016074636
X98655X5-x10752_y17664_w256_h256-img.tif,Cellpose,unsharp,0.9297523738596165,0.8242061134217997,0.8738035661166424,0.8738035661166424,0.5797709014404593
X98655X5-x12288_y14080_w256_h256-img.tif,Cellpose,baseline,0.9295059597864912,0.7587511670952841,0.835493267678544,0.835493267678544,0.5523653061097756
X98655X5-x12288_y14080_w256_h256-img.tif,Cellpose,laplacian,0.9286884330441905,0.8172287834362562,0.8694008068240235,0.8694008068240235,0.5029628873020948
X98655X5-x12288_y14080_w256_h256-img.tif,Cellpose,unsharp,0.9301802714198906,0.7522318137889237,0.8317952526286237,0.8317952526286237,0.5546244398459849
X98655X5-x7936_y18944_w256_h256-img.tif,Cellpose,baseline,0.9292462096183725,0.85856419225502,0.8925079757126685,0.8925079757126685,0.6114682750105902
X98655X5-x7936_y18944_w256_h256-img.tif,Cellpose,laplacian,0.9266453267190669,0.912303859290181,0.919418670391433,0.919418670391433,0.5949308060014384
X98655X5-x7936_y18944_w256_h256-img.tif,Cellpose,unsharp,0.9287595287595287,0.8845182899665055,0.9060991996754756,0.9060991996754756,0.5969015883816954
X98655X5-x9216_y18176_w256_h256-img.tif,Cellpose,baseline,0.9288034325126313,0.7625263365815117,0.8374914126622555,0.8374914126622555,0.4381249760451265
X98655X5-x9216_y18176_w256_h256-img.tif,Cellpose,laplacian,0.9309377177618321,0.8136357650776929,0.8683431562859577,0.8683431562859577,0.3966451340957833
X98655X5-x9216_y18176_w256_h256-img.tif,Cellpose,unsharp,0.9316270715976814,0.7513497498024756,0.8318329263403433,0.8318329263403433,0.425325166440615
X98655X5-x14848_y15616_w256_h256-img.tif,Cellpose,baseline,0.927499636680715,0.843652406682199,0.8835913366272379,0.8835913366272379,0.596880735273942
X98655X5-x14848_y15616_w256_h256-img.tif,Cellpose,laplacian,0.924892591883947,0.8786166327930072,0.9011609185662232,0.9011609185662232,0.6188697501814302
X98655X5-x14848_y15616_w256_h256-img.tif,Cellpose,unsharp,0.9269580892293826,0.8497000941852971,0.8866493094470403,0.8866493094470403,0.6145328148024988
X98655X5-x10496_y15360_w256_h256-img.tif,Cellpose,baseline,0.9136814846784636,0.7453475505482345,0.8209744882413229,0.8209744882413229,0.542259813981498
X98655X5-x10496_y15360_w256_h256-img.tif,Cellpose,laplacian,0.9149811628674109,0.8835797874123998,0.8990063542155315,0.8990063542155315,0.5449584627291534
X98655X5-x10496_y15360_w256_h256-img.tif,Cellpose,unsharp,0.9154421848673642,0.7833886597592462,0.8442830297773923,0.8442830297773923,0.55231630412596
X98655X5-x8192_y18944_w256_h256-img.tif,Cellpose,baseline,0.936050555434113,0.7773028812832107,0.8493224785654396,0.8493224785654396,0.4652942011128601
X98655X5-x8192_y18944_w256_h256-img.tif,Cellpose,laplacian,0.9346892886345053,0.7545628568599624,0.8350225533702222,0.8350225533702222,0.4245707766531896
X98655X5-x8192_y18944_w256_h256-img.tif,Cellpose,unsharp,0.9361408850577078,0.750899369616159,0.8333501213314408,0.8333501213314408,0.44234299527870524
X98655X5-x12032_y17408_w256_h256-img.tif,Cellpose,baseline,0.936787490350263,0.8493944524026565,0.8909530192174707,0.8909530192174707,0.6109889390450347
X98655X5-x12032_y17408_w256_h256-img.tif,Cellpose,laplacian,0.9374911854579644,0.9738572730824326,0.9553282713358404,0.9553282713358404,0.6478059214425353
X98655X5-x12032_y17408_w256_h256-img.tif,Cellpose,unsharp,0.9370220723277791,0.9135629639275947,0.925143827374182,0.925143827374182,0.6145896647722798
X98655X5-x9216_y15872_w256_h256-img.tif,Cellpose,baseline,0.9316564954988368,0.9063981236981515,0.9188537605267314,0.9188537605267314,0.6290209324701803
X98655X5-x9216_y15872_w256_h256-img.tif,Cellpose,laplacian,0.9300804912455398,0.9191582883666005,0.9245871347730685,0.9245871347730685,0.5971721720988473
X98655X5-x9216_y15872_w256_h256-img.tif,Cellpose,unsharp,0.9321930360415394,0.9010185169998852,0.9163407087395645,0.9163407087395645,0.6183731642765118
X98655X5-x8960_y17408_w256_h256-img.tif,Cellpose,baseline,0.9404428965929679,0.8729021093188793,0.9054146733838534,0.9054146733838534,0.5546093120308944
X98655X5-x8960_y17408_w256_h256-img.tif,Cellpose,laplacian,0.9355776706577515,0.9822862926924835,0.9583631990570396,0.9583631990570396,0.5080606570600567
X98655X5-x8960_y17408_w256_h256-img.tif,Cellpose,unsharp,0.9410864978902953,0.8739143211650232,0.9062574069684759,0.9062574069684759,0.5455081950152859
X98655X5-x9728_y18176_w256_h256-img.tif,Cellpose,baseline,0.9351491826694176,0.770068938478126,0.8446184443926824,0.8446184443926824,0.5897577058656038
X98655X5-x9728_y18176_w256_h256-img.tif,Cellpose,laplacian,0.9339433235691011,0.927108177867808,0.9305131988850631,0.9305131988850631,0.5002437980691518
X98655X5-x9728_y18176_w256_h256-img.tif,Cellpose,unsharp,0.9362248811167357,0.7976279935962362,0.8613870119789002,0.8613870119789002,0.5738376883311159
X98655X5-x9984_y16384_w256_h256-img.tif,Cellpose,baseline,0.943043578056858,0.9326609699544371,0.9378235385229932,0.9378235385229932,0.7119627399890897
X98655X5-x9984_y16384_w256_h256-img.tif,Cellpose,laplacian,0.9424782321793572,0.9495078883790313,0.9459800009692584,0.9459800009692584,0.6699880912281166
X98655X5-x9984_y16384_w256_h256-img.tif,Cellpose,unsharp,0.9427863114913475,0.943443646328215,0.9431148643720266,0.9431148643720266,0.6787880306886396
X98655X5-x7680_y18688_w256_h256-img.tif,Cellpose,baseline,0.9462835727670206,0.7874092481606003,0.8595668478116328,0.8595668478116328,0.6161348926635922
X98655X5-x7680_y18688_w256_h256-img.tif,Cellpose,laplacian,0.9415642900889866,0.8489662005229904,0.892870869383258,0.892870869383258,0.5865090212652089
X98655X5-x7680_y18688_w256_h256-img.tif,Cellpose,unsharp,0.9459411833809767,0.7846968441910702,0.8578074092486884,0.8578074092486884,0.6089272564816145
X98655X5-x17152_y13568_w256_h256-img.tif,Cellpose,baseline,0.9371108343711083,0.8361520989590993,0.8837574805053497,0.8837574805053497,0.6247010460326029
X98655X5-x17152_y13568_w256_h256-img.tif,Cellpose,laplacian,0.9362818723163642,0.8658430968838342,0.8996858816537906,0.8996858816537906,0.5794173183109713
X98655X5-x17152_y13568_w256_h256-img.tif,Cellpose,unsharp,0.9371601319839997,0.8307596777619818,0.8807581033556815,0.8807581033556815,0.6136403079284065
Z99998Z8-x10496_y8192_w256_h256-img.tif,Cellpose,baseline,0.8550674837256362,0.793013703480755,0.822872364855555,0.822872364855555,0.5542032699666204
Z99998Z8-x10496_y8192_w256_h256-img.tif,Cellpose,laplacian,0.8618015359588393,0.806628660458199,0.8333028496177342,0.8333028496177342,0.562739009160579
Z99998Z8-x10496_y8192_w256_h256-img.tif,Cellpose,unsharp,0.8558157243479916,0.7959349881378138,0.8247899313837008,0.8247899313837008,0.5463217106688895
X98655X5-x9216_y16640_w256_h256-img.tif,Cellpose,baseline,0.9145357761013684,0.9427369129776132,0.9284222391671916,0.9284222391671916,0.6172558721115087
X98655X5-x9216_y16640_w256_h256-img.tif,Cellpose,laplacian,0.9095224577340398,0.9707288335297088,0.9391294435669039,0.9391294435669039,0.5664738222747953
X98655X5-x9216_y16640_w256_h256-img.tif,Cellpose,unsharp,0.9146432320769413,0.9092240363575156,0.911925583279873,0.911925583279873,0.5863650749100036
X98655X5-x13312_y9216_w256_h256-img.tif,Cellpose,baseline,0.9178686916397195,0.8393972620946305,0.8768808899842065,0.8768808899842065,0.6552632730375046
X98655X5-x13312_y9216_w256_h256-img.tif,Cellpose,laplacian,0.921221985258353,0.8180987506645402,0.8666033120391391,0.8666033120391391,0.681291806991012
X98655X5-x13312_y9216_w256_h256-img.tif,Cellpose,unsharp,0.9183048019730161,0.84129120148857,0.87811264479434,0.87811264479434,0.67645252071834
X98655X5-x10240_y15360_w256_h256-img.tif,Cellpose,baseline,0.9230582965070525,0.765141757966045,0.8367141629017212,0.8367141629017212,0.566469035806622
X98655X5-x10240_y15360_w256_h256-img.tif,Cellpose,laplacian,0.9206659094136022,0.8676758384210086,0.8933858037182788,0.8933858037182788,0.537398568107293
X98655X5-x10240_y15360_w256_h256-img.tif,Cellpose,unsharp,0.9236008406631898,0.7938780630592958,0.8538404108911336,0.8538404108911336,0.578918088675893
X98655X5-x9984_y16896_w256_h256-img.tif,Cellpose,baseline,0.9365019989245552,0.6616726407770198,0.7754568685147901,0.7754568685147901,0.5081082743974689
X98655X5-x9984_y16896_w256_h256-img.tif,Cellpose,laplacian,0.9263533986023784,0.8736847321561307,0.89924852936176,0.89924852936176,0.5148109811973826
X98655X5-x9984_y16896_w256_h256-img.tif,Cellpose,unsharp,0.9370376200220368,0.6883331406200961,0.7936577468812495,0.7936577468812495,0.5053715892070986
X98655X5-x12800_y9728_w256_h256-img.tif,Cellpose,baseline,0.9226099290780142,0.8045353343778345,0.8595366047044313,0.8595366047044313,0.6149510501275529
X98655X5-x12800_y9728_w256_h256-img.tif,Cellpose,laplacian,0.9250173909859774,0.833347076770842,0.8767926705477135,0.8767926705477135,0.6497825482072433
X98655X5-x12800_y9728_w256_h256-img.tif,Cellpose,unsharp,0.9244824772783333,0.8035458068772161,0.8597822442605304,0.8597822442605304,0.61584470337176
X98655X5-x8960_y18432_w256_h256-img.tif,Cellpose,baseline,0.9295209853245944,0.9062356265194822,0.9177306262320444,0.9177306262320444,0.6270710437184983
X98655X5-x8960_y18432_w256_h256-img.tif,Cellpose,laplacian,0.9291996257548695,0.8972830015112688,0.9129624522609706,0.9129624522609706,0.5510127035404397
X98655X5-x8960_y18432_w256_h256-img.tif,Cellpose,unsharp,0.9310279209770612,0.8840758262697943,0.9069446082809525,0.9069446082809525,0.5962585907391431
X98655X5-x8960_y17664_w256_h256-img.tif,Cellpose,baseline,0.9376613953091321,0.717240478639176,0.8127717039421352,0.8127717039421352,0.5534677061436916
X98655X5-x8960_y17664_w256_h256-img.tif,Cellpose,laplacian,0.9407518913077042,0.795762116982549,0.8622040628620449,0.8622040628620449,0.5479468862907603
X98655X5-x8960_y17664_w256_h256-img.tif,Cellpose,unsharp,0.9368816658202133,0.7528608975300782,0.8348509259426875,0.8348509259426875,0.5505935353040545
X98655X5-x9472_y16896_w256_h256-img.tif,Cellpose,baseline,0.9219706846825491,0.7786453119786453,0.8442683743058194,0.8442683743058194,0.6111264959946421
X98655X5-x9472_y16896_w256_h256-img.tif,Cellpose,laplacian,0.9186349045446865,0.9071404738071405,0.912851506757324,0.912851506757324,0.5904949129693466
X98655X5-x9472_y16896_w256_h256-img.tif,Cellpose,unsharp,0.9212449715764226,0.8137971304637971,0.8641940313050873,0.8641940313050873,0.6141093473137696
X98655X5-x10731_y17602_w256_h256-img.tif,Cellpose,baseline,0.9174337812577152,0.8661572016049814,0.891058414476445,0.891058414476445,0.6128385277697924
X98655X5-x10731_y17602_w256_h256-img.tif,Cellpose,laplacian,0.9164111142087167,0.9851156285899805,0.9495221818356884,0.9495221818356884,0.6453541677758968
X98655X5-x10731_y17602_w256_h256-img.tif,Cellpose,unsharp,0.9171856389314276,0.8974410202620582,0.9072059108160191,0.9072059108160191,0.6394843057881898
Z99997Z8-x20224_y17408_w256_h256-img.tif,Cellpose,baseline,0.8339974135821887,0.8692555691153167,0.8512615609642982,0.8512615609642982,0.6171770459513028
Z99997Z8-x20224_y17408_w256_h256-img.tif,Cellpose,laplacian,0.8332980711590676,0.8608768510591792,0.8468629892760193,0.8468629892760193,0.6409828583738527
Z99997Z8-x20224_y17408_w256_h256-img.tif,Cellpose,unsharp,0.8347369533810212,0.8629715305732136,0.848619457455288,0.848619457455288,0.6149817197697292
X98655X5-x13515_y8897_w256_h256-img.tif,Cellpose,baseline,0.9215139817343,0.807874535699546,0.8609605911330049,0.8609605911330049,0.6174770848853701
X98655X5-x13515_y8897_w256_h256-img.tif,Cellpose,laplacian,0.9255580779417328,0.8076764341725134,0.8626085423370212,0.8626085423370212,0.5870813117770859
X98655X5-x13515_y8897_w256_h256-img.tif,Cellpose,unsharp,0.9238341490442331,0.8257697069748245,0.8720536959553696,0.8720536959553696,0.60481634725145
X98655X5-x11776_y14592_w256_h256-img.tif,Cellpose,baseline,0.9399637728520476,0.8250991705733862,0.8787939628307305,0.8787939628307305,0.5973180992057053
X98655X5-x11776_y14592_w256_h256-img.tif,Cellpose,laplacian,0.9398807552169592,0.8372127331737862,0.8855810243784027,0.8855810243784027,0.5969356807529285
X98655X5-x11776_y14592_w256_h256-img.tif,Cellpose,unsharp,0.9409846071680622,0.8086581647706783,0.8698174252642529,0.8698174252642529,0.6035350456027969
X98655X5-x10752_y15872_w256_h256-img.tif,Cellpose,baseline,0.9239383334909675,0.8054085250226729,0.8606113998766628,0.8606113998766628,0.6284768567660023
X98655X5-x10752_y15872_w256_h256-img.tif,Cellpose,laplacian,0.9258008768841809,0.9540275373072801,0.9397022876586621,0.9397022876586621,0.6160671786593642
X98655X5-x10752_y15872_w256_h256-img.tif,Cellpose,unsharp,0.9254878885946847,0.7780690906092835,0.8453999820836693,0.8453999820836693,0.6248420216352704
X98655X5-x10752_y17920_w256_h256-img.tif,Cellpose,baseline,0.9307233834095362,0.7479128052881067,0.8293636719140771,0.8293636719140771,0.5990520849495814
X98655X5-x10752_y17920_w256_h256-img.tif,Cellpose,laplacian,0.9302321138599675,0.7986779733298341,0.859450014120305,0.859450014120305,0.6043502834582484
X98655X5-x10752_y17920_w256_h256-img.tif,Cellpose,unsharp,0.9307669666134051,0.7261469319467909,0.8158222074798905,0.8158222074798905,0.6079835992662354
X98655X5-x8704_y17920_w256_h256-img.tif,Cellpose,baseline,0.9283372772073031,0.7097309588222602,0.8044472035667927,0.8044472035667927,0.43248532493359226
X98655X5-x8704_y17920_w256_h256-img.tif,Cellpose,laplacian,0.931791193654111,0.6511759140927121,0.7666109792197896,0.7666109792197896,0.3397456008753784
X98655X5-x8704_y17920_w256_h256-img.tif,Cellpose,unsharp,0.9321554442589501,0.6672420374765564,0.7777595062827073,0.7777595062827073,0.40535867961408223
X98655X5-x7936_y19456_w256_h256-img.tif,Cellpose,baseline,0.9323670641600369,0.8642806694808074,0.8970337538356632,0.8970337538356632,0.6588689730044883
X98655X5-x7936_y19456_w256_h256-img.tif,Cellpose,laplacian,0.9301625718516632,0.9594960826503294,0.9446016525718351,0.9446016525718351,0.632567710619433
X98655X5-x7936_y19456_w256_h256-img.tif,Cellpose,unsharp,0.9321803476165892,0.8897229111574659,0.9104569176338104,0.9104569176338104,0.6488477522842414
X98655X5-x10496_y16896_w256_h256-img.tif,Cellpose,baseline,0.9284796735680823,0.8068090415141417,0.8633788590751394,0.8633788590751394,0.5690720620583958
X98655X5-x10496_y16896_w256_h256-img.tif,Cellpose,laplacian,0.93009901657012,0.906662945878954,0.9182314655494875,0.9182314655494875,0.5285176898159522
X98655X5-x10496_y16896_w256_h256-img.tif,Cellpose,unsharp,0.9297179883660996,0.8290681068303813,0.8765131070867644,0.8765131070867644,0.5439697755425271
X98655X5-x8704_y17664_w256_h256-img.tif,Cellpose,baseline,0.923729171952973,0.7271743653766126,0.813750966311809,0.813750966311809,0.4686510409373246
X98655X5-x8704_y17664_w256_h256-img.tif,Cellpose,laplacian,0.9193943399160317,0.7873657927590512,0.8482734503196651,0.8482734503196651,0.4114334061130885
X98655X5-x8704_y17664_w256_h256-img.tif,Cellpose,unsharp,0.9232013605160005,0.7409737827715356,0.8221105898866029,0.8221105898866029,0.47335419953260544
Z99997Z8-x21504_y14848_w256_h256-img.tif,Cellpose,baseline,0.8336291281675967,0.8293046960320349,0.8314612892923947,0.8314612892923947,0.6319021468158849
Z99997Z8-x21504_y14848_w256_h256-img.tif,Cellpose,laplacian,0.8369586764944403,0.8453221696396068,0.8411196334296245,0.8411196334296245,0.6594878685866333
Z99997Z8-x21504_y14848_w256_h256-img.tif,Cellpose,unsharp,0.8347117977118705,0.8339825263924281,0.8343470026950252,0.8343470026950252,0.6398242124142496
X98655X5-x10496_y14592_w256_h256-img.tif,Cellpose,baseline,0.9276664608308669,0.7248556644427067,0.8138157771841668,0.8138157771841668,0.5734188482284338
X98655X5-x10496_y14592_w256_h256-img.tif,Cellpose,laplacian,0.9198570699336396,0.8394922050480009,0.877839154451742,0.877839154451742,0.5273275892734288
X98655X5-x10496_y14592_w256_h256-img.tif,Cellpose,unsharp,0.9263173500508303,0.7277007803271052,0.8150840019008749,0.8150840019008749,0.5497599891488198
X98655X5-x11008_y15104_w256_h256-img.tif,Cellpose,baseline,0.9321432153244409,0.7645936163211583,0.840095810548199,0.840095810548199,0.6387007273470056
X98655X5-x11008_y15104_w256_h256-img.tif,Cellpose,laplacian,0.9294916656063112,0.9614840408028957,0.9452172225277391,0.9452172225277391,0.6750709871001505
X98655X5-x11008_y15104_w256_h256-img.tif,Cellpose,unsharp,0.9316884796834576,0.8058078315235275,0.8641881638846738,0.8641881638846738,0.6330563051502094
X98655X5-x16086_y11228_w256_h256-img.tif,Cellpose,baseline,0.9231288864254412,0.8808945306689145,0.9015173300404283,0.9015173300404283,0.6674145751389916
X98655X5-x16086_y11228_w256_h256-img.tif,Cellpose,laplacian,0.9236026967409202,0.9827275582221782,0.9522482482482483,0.9522482482482483,0.6310959577823538
X98655X5-x16086_y11228_w256_h256-img.tif,Cellpose,unsharp,0.923223764631022,0.9112907224673973,0.917218432873066,0.917218432873066,0.6697680241788818
X98655X5-x9472_y17920_w256_h256-img.tif,Cellpose,baseline,0.9353279192553169,0.7234988272728764,0.8158882826227689,0.8158882826227689,0.5741279398021547
X98655X5-x9472_y17920_w256_h256-img.tif,Cellpose,laplacian,0.9307342922028766,0.8873033836867916,0.9085000797695918,0.9085000797695918,0.5347186894919145
X98655X5-x9472_y17920_w256_h256-img.tif,Cellpose,unsharp,0.9330102741150534,0.7358001607374239,0.8227526570136908,0.8227526570136908,0.5758786898017392
X98655X5-x8960_y17920_w256_h256-img.tif,Cellpose,baseline,0.934030731363003,0.8483971724478053,0.8891568963586399,0.8891568963586399,0.6080940362227769
X98655X5-x8960_y17920_w256_h256-img.tif,Cellpose,laplacian,0.9316737822301409,0.9112115732368897,0.9213290781556465,0.9213290781556465,0.5559480785536617
X98655X5-x8960_y17920_w256_h256-img.tif,Cellpose,unsharp,0.9350587234947122,0.8677461778727602,0.9001458036681134,0.9001458036681134,0.5861987165755388
X98655X5-x13568_y11008_w256_h256-img.tif,Cellpose,baseline,0.9219897642347802,0.7145038167938931,0.8050935405155246,0.8050935405155246,0.5341973717030498
X98655X5-x13568_y11008_w256_h256-img.tif,Cellpose,laplacian,0.9255310685018697,0.579140391636243,0.7124644012779814,0.7124644012779814,0.4515576596581647
X98655X5-x13568_y11008_w256_h256-img.tif,Cellpose,unsharp,0.9238682674303338,0.6959674742781281,0.7938857602574416,0.7938857602574416,0.5569642774540238
X98655X5-x10752_y15616_w256_h256-img.tif,Cellpose,baseline,0.9206143109289728,0.7572465581977472,0.8309771462056842,0.8309771462056842,0.5508229162376598
X98655X5-x10752_y15616_w256_h256-img.tif,Cellpose,laplacian,0.9170515781370285,0.7951606174384648,0.8517674397819189,0.8517674397819189,0.576810978206249
X98655X5-x10752_y15616_w256_h256-img.tif,Cellpose,unsharp,0.9168573901336667,0.7955277430120985,0.8518942101501072,0.8518942101501072,0.5692806031572674
X98655X5-x13312_y9472_w256_h256-img.tif,Cellpose,baseline,0.9209486166007905,0.7110845079921765,0.8025232871238143,0.8025232871238143,0.5846278682829286
X98655X5-x13312_y9472_w256_h256-img.tif,Cellpose,laplacian,0.9138659690078487,0.7656639913671005,0.8332262977302336,0.8332262977302336,0.6052090670553953
X98655X5-x13312_y9472_w256_h256-img.tif,Cellpose,unsharp,0.9194926451158284,0.7040534160652863,0.7974789915966387,0.7974789915966387,0.57733134185081
ZU511-x14328_y5880_w256_h256-img.tif,Cellpose,baseline,0.9488156445097319,0.9970574047274482,0.9723385237804018,0.9723385237804018,0.8310061197695324
ZU511-x14328_y5880_w256_h256-img.tif,Cellpose,laplacian,0.948758478868052,0.9940987296993086,0.9708995539920849,0.9708995539920849,0.8284103982333177
ZU511-x14328_y5880_w256_h256-img.tif,Cellpose,unsharp,0.9488074461896452,0.9965910918154044,0.9721124286341678,0.9721124286341678,0.8310117544073657
Z99999Z8-x7936_y14080_w256_h256-img.tif,Cellpose,baseline,0.8118115370097114,0.8885591947115384,0.8484533309423473,0.8484533309423473,0.5882746571020846
Z99999Z8-x7936_y14080_w256_h256-img.tif,Cellpose,laplacian,0.8148365760714465,0.9115647536057693,0.8604908834661443,0.8604908834661443,0.6149515507571404
Z99999Z8-x7936_y14080_w256_h256-img.tif,Cellpose,unsharp,0.8146814971510458,0.8968411959134616,0.8537893551213058,0.8537893551213058,0.5991923522203318
ZU511-x10077_y11316_w256_h256-img.tif,Cellpose,baseline,0.9346806263203679,0.9824478333278908,0.9579691455318335,0.9579691455318335,0.7530029528504196
ZU511-x10077_y11316_w256_h256-img.tif,Cellpose,laplacian,0.9351287656790238,0.9847663520882997,0.9593058858147173,0.9593058858147173,0.726684631490164
ZU511-x10077_y11316_w256_h256-img.tif,Cellpose,unsharp,0.9347051778576205,0.981206935963165,0.9573917268737205,0.9573917268737205,0.749955591481321
ZU511-x16457_y17527_w256_h256-img.tif,Cellpose,baseline,0.9424882811891673,0.9801285892432021,0.9609399809463322,0.9609399809463322,0.8578336269840424
ZU511-x16457_y17527_w256_h256-img.tif,Cellpose,laplacian,0.9423578467352771,0.9772458580983692,0.9594848147559231,0.9594848147559231,0.8562376300739998
ZU511-x16457_y17527_w256_h256-img.tif,Cellpose,unsharp,0.9425373367006517,0.9791568821157303,0.9604982008531054,0.9604982008531054,0.8573906271771007
Z99999Z8-x12032_y14336_w256_h256-img.tif,Cellpose,baseline,0.8478596701051477,0.9169001940073291,0.8810294384175232,0.8810294384175232,0.6869840405047785
Z99999Z8-x12032_y14336_w256_h256-img.tif,Cellpose,laplacian,0.848656965609808,0.9313609254868147,0.8880876320004111,0.8880876320004111,0.6892891408461397
Z99999Z8-x12032_y14336_w256_h256-img.tif,Cellpose,unsharp,0.8487103012028449,0.9303369979162176,0.8876510412203273,0.8876510412203273,0.6908619739025769
Z99999Z8-x11776_y14848_w256_h256-img.tif,Cellpose,baseline,0.8576023230596754,0.8286805185579826,0.8428933987229161,0.8428933987229161,0.5655459726542299
Z99999Z8-x11776_y14848_w256_h256-img.tif,Cellpose,laplacian,0.8603336309054945,0.8728467412537737,0.8665450153827167,0.8665450153827167,0.5728258376043471
Z99999Z8-x11776_y14848_w256_h256-img.tif,Cellpose,unsharp,0.8583408844588952,0.8579293198366187,0.8581350528007958,0.8581350528007958,0.5678170401370852
Z99998Z8-x11520_y13056_w256_h256-img.tif,Cellpose,baseline,0.836225162915284,0.7528524637368175,0.7923516933100992,0.7923516933100992,0.5451149452010361
Z99998Z8-x11520_y13056_w256_h256-img.tif,Cellpose,laplacian,0.8435347555754124,0.8154806896303495,0.8292705245049595,0.8292705245049595,0.6099625322258423
Z99998Z8-x11520_y13056_w256_h256-img.tif,Cellpose,unsharp,0.8359052379917409,0.7613648634056798,0.7968957495502792,0.7968957495502792,0.5693452272115399
Z99999Z8-x9216_y13312_w256_h256-img.tif,Cellpose,baseline,0.8234252940075225,0.8943399016599505,0.8574188117495902,0.8574188117495902,0.6758915503886556
Z99999Z8-x9216_y13312_w256_h256-img.tif,Cellpose,laplacian,0.8268523602722175,0.9185736995822397,0.8703030727602301,0.8703030727602301,0.6992354077359474
Z99999Z8-x9216_y13312_w256_h256-img.tif,Cellpose,unsharp,0.8239938998559688,0.8988872047025768,0.8598127536180633,0.8598127536180633,0.682562075209808
Z99999Y8-x13824_y11520_w256_h256-img.tif,Cellpose,baseline,0.8575175844246687,0.7776466027628982,0.8156314106710528,0.8156314106710528,0.6420939510699896
Z99999Y8-x13824_y11520_w256_h256-img.tif,Cellpose,laplacian,0.8567951571633625,0.7257365379193684,0.7858389857187831,0.7858389857187831,0.6109049427944623
Z99999Y8-x13824_y11520_w256_h256-img.tif,Cellpose,unsharp,0.8577806371115531,0.7752854524950663,0.8144494011809785,0.8144494011809785,0.6388246671966987
ZU511-x11085_y11187_w256_h256-img.tif,Cellpose,baseline,0.931637099284158,0.9801247523779899,0.9552660342585427,0.9552660342585427,0.7687542977593098
ZU511-x11085_y11187_w256_h256-img.tif,Cellpose,laplacian,0.9318470849613115,0.9956778703688545,0.9627055862472892,0.9627055862472892,0.7362897285237552
ZU511-x11085_y11187_w256_h256-img.tif,Cellpose,unsharp,0.9307466941167155,0.9621977374306249,0.9462109381288941,0.9462109381288941,0.7332674746631209
Z99999Y8-x13824_y11008_w256_h256-img.tif,Cellpose,baseline,0.8251183604643622,0.6722589167767503,0.7408863265781505,0.7408863265781505,0.484974030429229
Z99999Y8-x13824_y11008_w256_h256-img.tif,Cellpose,laplacian,0.8235441452723857,0.6949537648612946,0.7538042699527153,0.7538042699527153,0.5121217222953032
Z99999Y8-x13824_y11008_w256_h256-img.tif,Cellpose,unsharp,0.8300832075047386,0.6826420079260238,0.7491772619858793,0.7491772619858793,0.4960295860701155
Z99999Y8-x14080_y11520_w256_h256-img.tif,Cellpose,baseline,0.8482558139534884,0.793857180382003,0.8201554594971796,0.8201554594971796,0.6139659398041051
Z99999Y8-x14080_y11520_w256_h256-img.tif,Cellpose,laplacian,0.8542763220400175,0.843521332883035,0.8488647628038707,0.8488647628038707,0.6326884451405291
Z99999Y8-x14080_y11520_w256_h256-img.tif,Cellpose,unsharp,0.8523679091739114,0.8057337986416001,0.828395061728395,0.828395061728395,0.6221977623918256
