Image,Model,Condition,Precision,Recall,F1_Score,Dice,Panoptic Quality
X98655X5-x13515_y8897_w256_h256-img.tif,Cellpose,baseline,0.9215139817343,0.807874535699546,0.8609605911330049,0.8609605911330049,0.6174770848853701
X98655X5-x13515_y8897_w256_h256-img.tif,Cellpose,laplacian,0.9255580779417328,0.8076764341725134,0.8626085423370212,0.8626085423370212,0.5870813117770859
X98655X5-x13515_y8897_w256_h256-img.tif,Cellpose,unsharp,0.9267496611257758,0.8577961205117622,0.8909407336916917,0.8909407336916917,0.5834131503310795
Z99997Z8-x21504_y14848_w256_h256-img.tif,Cellpose,baseline,0.8336291281675967,0.8293046960320349,0.8314612892923947,0.8314612892923947,0.6319021468158849
Z99997Z8-x21504_y14848_w256_h256-img.tif,Cellpose,laplacian,0.8369586764944403,0.8453221696396068,0.8411196334296245,0.8411196334296245,0.6594878685866333
Z99997Z8-x21504_y14848_w256_h256-img.tif,Cellpose,unsharp,0.8330669739091653,0.8159628685839098,0.8244262174488745,0.8244262174488745,0.6329275231006535
X98655X5-x8960_y17920_w256_h256-img.tif,Cellpose,baseline,0.934030731363003,0.8483971724478053,0.8891568963586399,0.8891568963586399,0.6080940362227769
X98655X5-x8960_y17920_w256_h256-img.tif,Cellpose,laplacian,0.9316737822301409,0.9112115732368897,0.9213290781556465,0.9213290781556465,0.5559480785536617
X98655X5-x8960_y17920_w256_h256-img.tif,Cellpose,unsharp,0.9332013682693476,0.8835114252835772,0.9076768478563768,0.9076768478563768,0.60860047617049
X98655X5-x8704_y17920_w256_h256-img.tif,Cellpose,baseline,0.9283372772073031,0.7097309588222602,0.8044472035667927,0.8044472035667927,0.43248532493359226
X98655X5-x8704_y17920_w256_h256-img.tif,Cellpose,laplacian,0.931791193654111,0.6511759140927121,0.7666109792197896,0.7666109792197896,0.3397456008753784
X98655X5-x8704_y17920_w256_h256-img.tif,Cellpose,unsharp,0.9296687105930276,0.7121375578828567,0.8064922371339424,0.8064922371339424,0.4211483937525935
X98655X5-x9984_y16384_w256_h256-img.tif,Cellpose,baseline,0.943043578056858,0.9326609699544371,0.9378235385229932,0.9378235385229932,0.7119627399890897
X98655X5-x9984_y16384_w256_h256-img.tif,Cellpose,laplacian,0.9424782321793572,0.9495078883790313,0.9459800009692584,0.9459800009692584,0.6699880912281166
X98655X5-x9984_y16384_w256_h256-img.tif,Cellpose,unsharp,0.9424745066878559,0.9231430285538242,0.9327086114956463,0.9327086114956463,0.6939479824837154
X98655X5-x10240_y15360_w256_h256-img.tif,Cellpose,baseline,0.9230582965070525,0.765141757966045,0.8367141629017212,0.8367141629017212,0.566469035806622
X98655X5-x10240_y15360_w256_h256-img.tif,Cellpose,laplacian,0.9206659094136022,0.8676758384210086,0.8933858037182788,0.8933858037182788,0.537398568107293
X98655X5-x10240_y15360_w256_h256-img.tif,Cellpose,unsharp,0.9217307401241108,0.8149034038638454,0.8650313828890014,0.8650313828890014,0.5747000082906384
X98655X5-x9216_y18176_w256_h256-img.tif,Cellpose,baseline,0.9288034325126313,0.7625263365815117,0.8374914126622555,0.8374914126622555,0.4381249760451265
X98655X5-x9216_y18176_w256_h256-img.tif,Cellpose,laplacian,0.9309377177618321,0.8136357650776929,0.8683431562859577,0.8683431562859577,0.3966451340957833
X98655X5-x9216_y18176_w256_h256-img.tif,Cellpose,unsharp,0.9303137224821661,0.7985580721622333,0.8594154118689106,0.8594154118689106,0.4512476800031209
X98655X5-x9728_y18176_w256_h256-img.tif,Cellpose,baseline,0.9351491826694176,0.770068938478126,0.8446184443926824,0.8446184443926824,0.5897577058656038
X98655X5-x9728_y18176_w256_h256-img.tif,Cellpose,laplacian,0.9339433235691011,0.927108177867808,0.9305131988850631,0.9305131988850631,0.5002437980691518
X98655X5-x9728_y18176_w256_h256-img.tif,Cellpose,unsharp,0.9338842975206612,0.7642369392622602,0.8405864807561002,0.8405864807561002,0.5729707382342011
X98655X5-x9472_y16896_w256_h256-img.tif,Cellpose,baseline,0.9219706846825491,0.7786453119786453,0.8442683743058194,0.8442683743058194,0.6111264959946421
X98655X5-x9472_y16896_w256_h256-img.tif,Cellpose,laplacian,0.9186349045446865,0.9071404738071405,0.912851506757324,0.912851506757324,0.5904949129693466
X98655X5-x9472_y16896_w256_h256-img.tif,Cellpose,unsharp,0.9187979765821218,0.86664998331665,0.8919624306736036,0.8919624306736036,0.6082547364276916
X98655X5-x14848_y15616_w256_h256-img.tif,Cellpose,baseline,0.927499636680715,0.843652406682199,0.8835913366272379,0.8835913366272379,0.596880735273942
X98655X5-x14848_y15616_w256_h256-img.tif,Cellpose,laplacian,0.924892591883947,0.8786166327930072,0.9011609185662232,0.9011609185662232,0.6188697501814302
X98655X5-x14848_y15616_w256_h256-img.tif,Cellpose,unsharp,0.9260385005065856,0.8910590062624961,0.908212072217731,0.908212072217731,0.6362354262716295
X98655X5-x10752_y15872_w256_h256-img.tif,Cellpose,baseline,0.9239383334909675,0.8054085250226729,0.8606113998766628,0.8606113998766628,0.6284768567660023
X98655X5-x10752_y15872_w256_h256-img.tif,Cellpose,laplacian,0.9258008768841809,0.9540275373072801,0.9397022876586621,0.9397022876586621,0.6160671786593642
X98655X5-x10752_y15872_w256_h256-img.tif,Cellpose,unsharp,0.9236451331130606,0.8020611756946162,0.8585700795184763,0.8585700795184763,0.632047475504682
X98655X5-x12288_y17920_w256_h256-img.tif,Cellpose,baseline,0.9266475070177784,0.9116883116883117,0.9191070451946503,0.9191070451946503,0.6887244635060106
X98655X5-x12288_y17920_w256_h256-img.tif,Cellpose,laplacian,0.9277564783592775,0.990547427256288,0.958124299355208,0.958124299355208,0.6411999120791353
X98655X5-x12288_y17920_w256_h256-img.tif,Cellpose,unsharp,0.9278673542659442,0.934670392898241,0.93125644931453,0.93125644931453,0.6991227424305715
X98655X5-x10731_y17602_w256_h256-img.tif,Cellpose,baseline,0.9174337812577152,0.8661572016049814,0.891058414476445,0.891058414476445,0.6128385277697924
X98655X5-x10731_y17602_w256_h256-img.tif,Cellpose,laplacian,0.9164111142087167,0.9851156285899805,0.9495221818356884,0.9495221818356884,0.6453541677758968
X98655X5-x10731_y17602_w256_h256-img.tif,Cellpose,unsharp,0.9178140501956419,0.9333699615403827,0.925526645975038,0.925526645975038,0.6645920722481419
X98655X5-x10752_y17920_w256_h256-img.tif,Cellpose,baseline,0.9307233834095362,0.7479128052881067,0.8293636719140771,0.8293636719140771,0.5990520849495814
X98655X5-x10752_y17920_w256_h256-img.tif,Cellpose,laplacian,0.9302321138599675,0.7986779733298341,0.859450014120305,0.859450014120305,0.6043502834582484
X98655X5-x10752_y17920_w256_h256-img.tif,Cellpose,unsharp,0.931211317418214,0.777371364836715,0.8473655039244784,0.8473655039244784,0.6256175214589474
X98655X5-x10752_y17664_w256_h256-img.tif,Cellpose,baseline,0.9304742220691239,0.8024856407209349,0.8617536023820918,0.8617536023820918,0.5654109625026593
X98655X5-x10752_y17664_w256_h256-img.tif,Cellpose,laplacian,0.9272160721607217,0.9331385752954381,0.9301678964816598,0.9301678964816598,0.6218357016074636
X98655X5-x10752_y17664_w256_h256-img.tif,Cellpose,unsharp,0.9258848255569567,0.9088763451508549,0.9173017499146282,0.9173017499146282,0.6246552941977869
X98655X5-x8704_y17664_w256_h256-img.tif,Cellpose,baseline,0.923729171952973,0.7271743653766126,0.813750966311809,0.813750966311809,0.4686510409373246
X98655X5-x8704_y17664_w256_h256-img.tif,Cellpose,laplacian,0.9193943399160317,0.7873657927590512,0.8482734503196651,0.8482734503196651,0.4114334061130885
X98655X5-x8704_y17664_w256_h256-img.tif,Cellpose,unsharp,0.919518736778483,0.8103703703703704,0.8615011635211779,0.8615011635211779,0.5047804350150045
X98655X5-x7936_y19456_w256_h256-img.tif,Cellpose,baseline,0.9323670641600369,0.8642806694808074,0.8970337538356632,0.8970337538356632,0.6588689730044883
X98655X5-x7936_y19456_w256_h256-img.tif,Cellpose,laplacian,0.9301625718516632,0.9594960826503294,0.9446016525718351,0.9446016525718351,0.632567710619433
X98655X5-x7936_y19456_w256_h256-img.tif,Cellpose,unsharp,0.9314293504191943,0.8977875597457419,0.9142990959043883,0.9142990959043883,0.6519656006238599
X98655X5-x13568_y11008_w256_h256-img.tif,Cellpose,baseline,0.9219897642347802,0.7145038167938931,0.8050935405155246,0.8050935405155246,0.5341973717030498
X98655X5-x13568_y11008_w256_h256-img.tif,Cellpose,laplacian,0.9255310685018697,0.579140391636243,0.7124644012779814,0.7124644012779814,0.4515576596581647
X98655X5-x13568_y11008_w256_h256-img.tif,Cellpose,unsharp,0.9255728194634947,0.6830899435778294,0.7860559708974248,0.7860559708974248,0.4938406835262477
X98655X5-x9216_y16640_w256_h256-img.tif,Cellpose,baseline,0.9145357761013684,0.9427369129776132,0.9284222391671916,0.9284222391671916,0.6172558721115087
X98655X5-x9216_y16640_w256_h256-img.tif,Cellpose,laplacian,0.9095224577340398,0.9707288335297088,0.9391294435669039,0.9391294435669039,0.5664738222747953
X98655X5-x9216_y16640_w256_h256-img.tif,Cellpose,unsharp,0.911092653214117,0.9416259888907591,0.9261077219789589,0.9261077219789589,0.5811997397959623
X98655X5-x10496_y14592_w256_h256-img.tif,Cellpose,baseline,0.9276664608308669,0.7248556644427067,0.8138157771841668,0.8138157771841668,0.5734188482284338
X98655X5-x10496_y14592_w256_h256-img.tif,Cellpose,laplacian,0.9198570699336396,0.8394922050480009,0.877839154451742,0.877839154451742,0.5273275892734288
X98655X5-x10496_y14592_w256_h256-img.tif,Cellpose,unsharp,0.9257847578376005,0.7718749480059232,0.8418531221078992,0.8418531221078992,0.594157139184505
X98655X5-x12800_y9728_w256_h256-img.tif,Cellpose,baseline,0.9226099290780142,0.8045353343778345,0.8595366047044313,0.8595366047044313,0.6149510501275529
X98655X5-x12800_y9728_w256_h256-img.tif,Cellpose,laplacian,0.9250173909859774,0.833347076770842,0.8767926705477135,0.8767926705477135,0.6497825482072433
X98655X5-x12800_y9728_w256_h256-img.tif,Cellpose,unsharp,0.9235040903415761,0.8173167312608229,0.8671717790337539,0.8671717790337539,0.587429378055184
X98655X5-x8704_y17408_w256_h256-img.tif,Cellpose,baseline,0.93572820941242,0.8250073656987593,0.8768865421585087,0.8768865421585087,0.5462667303784413
X98655X5-x8704_y17408_w256_h256-img.tif,Cellpose,laplacian,0.9333042060864744,0.9090909090909091,0.9210384484631394,0.9210384484631394,0.47667759624813155
X98655X5-x8704_y17408_w256_h256-img.tif,Cellpose,unsharp,0.9353674603326141,0.8018463351556617,0.8634757242193766,0.8634757242193766,0.5296524099001758
X98655X5-x9472_y17920_w256_h256-img.tif,Cellpose,baseline,0.9353279192553169,0.7234988272728764,0.8158882826227689,0.8158882826227689,0.5741279398021547
X98655X5-x9472_y17920_w256_h256-img.tif,Cellpose,laplacian,0.9307342922028766,0.8873033836867916,0.9085000797695918,0.9085000797695918,0.5347186894919145
X98655X5-x9472_y17920_w256_h256-img.tif,Cellpose,unsharp,0.933504856498933,0.7676852170775312,0.8425135903805306,0.8425135903805306,0.5914828372312454
X98655X5-x10496_y15360_w256_h256-img.tif,Cellpose,baseline,0.9136814846784636,0.7453475505482345,0.8209744882413229,0.8209744882413229,0.542259813981498
X98655X5-x10496_y15360_w256_h256-img.tif,Cellpose,laplacian,0.9149811628674109,0.8835797874123998,0.8990063542155315,0.8990063542155315,0.5449584627291534
X98655X5-x10496_y15360_w256_h256-img.tif,Cellpose,unsharp,0.9149228003188078,0.8275659725715052,0.8690546405274787,0.8690546405274787,0.5614251808371448
Z99998Z8-x10496_y8192_w256_h256-img.tif,Cellpose,baseline,0.8550674837256362,0.793013703480755,0.822872364855555,0.822872364855555,0.5542032699666204
Z99998Z8-x10496_y8192_w256_h256-img.tif,Cellpose,laplacian,0.8618015359588393,0.806628660458199,0.8333028496177342,0.8333028496177342,0.562739009160579
Z99998Z8-x10496_y8192_w256_h256-img.tif,Cellpose,unsharp,0.8554649201929487,0.7724053680818668,0.8118161518422032,0.8118161518422032,0.5550567150082268
X98655X5-x13312_y9216_w256_h256-img.tif,Cellpose,baseline,0.9178686916397195,0.8393972620946305,0.8768808899842065,0.8768808899842065,0.6552632730375046
X98655X5-x13312_y9216_w256_h256-img.tif,Cellpose,laplacian,0.921221985258353,0.8180987506645402,0.8666033120391391,0.8666033120391391,0.681291806991012
X98655X5-x13312_y9216_w256_h256-img.tif,Cellpose,unsharp,0.9183262273553169,0.8480695108984583,0.8818006719698737,0.8818006719698737,0.6821426309950339
X98655X5-x12288_y17408_w256_h256-img.tif,Cellpose,baseline,0.9326059050064185,0.8065500971412711,0.8650096740586397,0.8650096740586397,0.6945499537239066
X98655X5-x12288_y17408_w256_h256-img.tif,Cellpose,laplacian,0.9349016390518825,0.8558064358132929,0.8936072280941016,0.8936072280941016,0.6978710065747687
X98655X5-x12288_y17408_w256_h256-img.tif,Cellpose,unsharp,0.9321245770798994,0.8770958841488302,0.9037733627172249,0.9037733627172249,0.6853364675255321
X98655X5-x9216_y15872_w256_h256-img.tif,Cellpose,baseline,0.9316564954988368,0.9063981236981515,0.9188537605267314,0.9188537605267314,0.6290209324701803
X98655X5-x9216_y15872_w256_h256-img.tif,Cellpose,laplacian,0.9300804912455398,0.9191582883666005,0.9245871347730685,0.9245871347730685,0.5971721720988473
X98655X5-x9216_y15872_w256_h256-img.tif,Cellpose,unsharp,0.9310287820926119,0.9236686293483788,0.9273341017618969,0.9273341017618969,0.6411968550906334
X98655X5-x14848_y15872_w256_h256-img.tif,Cellpose,baseline,0.920324118207817,0.8012848179011322,0.8566890285024669,0.8566890285024669,0.6266646902391604
X98655X5-x14848_y15872_w256_h256-img.tif,Cellpose,laplacian,0.9208896548010125,0.8515653530759271,0.8848717970832004,0.8848717970832004,0.6456887607544824
X98655X5-x14848_y15872_w256_h256-img.tif,Cellpose,unsharp,0.9211058178143496,0.8473158261677899,0.8826713240761556,0.8826713240761556,0.6660587606964496
X98655X5-x13312_y9472_w256_h256-img.tif,Cellpose,baseline,0.9209486166007905,0.7110845079921765,0.8025232871238143,0.8025232871238143,0.5846278682829286
X98655X5-x13312_y9472_w256_h256-img.tif,Cellpose,laplacian,0.9138659690078487,0.7656639913671005,0.8332262977302336,0.8332262977302336,0.6052090670553953
X98655X5-x13312_y9472_w256_h256-img.tif,Cellpose,unsharp,0.9131582228502556,0.7409287111350914,0.8180768872754351,0.8180768872754351,0.6003958121388276
X98655X5-x8960_y17664_w256_h256-img.tif,Cellpose,baseline,0.9376613953091321,0.717240478639176,0.8127717039421352,0.8127717039421352,0.5534677061436916
X98655X5-x8960_y17664_w256_h256-img.tif,Cellpose,laplacian,0.9407518913077042,0.795762116982549,0.8622040628620449,0.8622040628620449,0.5479468862907603
X98655X5-x8960_y17664_w256_h256-img.tif,Cellpose,unsharp,0.9410140867941379,0.7568114664446512,0.8389204057074093,0.8389204057074093,0.5479682729973794
X98655X5-x12288_y14080_w256_h256-img.tif,Cellpose,baseline,0.9295059597864912,0.7587511670952841,0.835493267678544,0.835493267678544,0.5523653061097756
X98655X5-x12288_y14080_w256_h256-img.tif,Cellpose,laplacian,0.9286884330441905,0.8172287834362562,0.8694008068240235,0.8694008068240235,0.5029628873020948
X98655X5-x12288_y14080_w256_h256-img.tif,Cellpose,unsharp,0.9306181192874899,0.8155579943979426,0.8692972501091226,0.8692972501091226,0.5633900797062249
X98655X5-x11776_y14592_w256_h256-img.tif,Cellpose,baseline,0.9399637728520476,0.8250991705733862,0.8787939628307305,0.8787939628307305,0.5973180992057053
X98655X5-x11776_y14592_w256_h256-img.tif,Cellpose,laplacian,0.9398807552169592,0.8372127331737862,0.8855810243784027,0.8855810243784027,0.5969356807529285
X98655X5-x11776_y14592_w256_h256-img.tif,Cellpose,unsharp,0.9382402865083658,0.8245090646821625,0.8777057504558661,0.8777057504558661,0.5867852176176731
X98655X5-x8192_y18944_w256_h256-img.tif,Cellpose,baseline,0.936050555434113,0.7773028812832107,0.8493224785654396,0.8493224785654396,0.4652942011128601
X98655X5-x8192_y18944_w256_h256-img.tif,Cellpose,laplacian,0.9346892886345053,0.7545628568599624,0.8350225533702222,0.8350225533702222,0.4245707766531896
X98655X5-x8192_y18944_w256_h256-img.tif,Cellpose,unsharp,0.9325840496563608,0.7859665335489621,0.8530209816511297,0.8530209816511297,0.4555906935902084
X98655X5-x17152_y13568_w256_h256-img.tif,Cellpose,baseline,0.9371108343711083,0.8361520989590993,0.8837574805053497,0.8837574805053497,0.6247010460326029
X98655X5-x17152_y13568_w256_h256-img.tif,Cellpose,laplacian,0.9362818723163642,0.8658430968838342,0.8996858816537906,0.8996858816537906,0.5794173183109713
X98655X5-x17152_y13568_w256_h256-img.tif,Cellpose,unsharp,0.9379950833105709,0.8417079268591597,0.8872467961967755,0.8872467961967755,0.5976707069231049
X98655X5-x11008_y15104_w256_h256-img.tif,Cellpose,baseline,0.9321432153244409,0.7645936163211583,0.840095810548199,0.840095810548199,0.6387007273470056
X98655X5-x11008_y15104_w256_h256-img.tif,Cellpose,laplacian,0.9294916656063112,0.9614840408028957,0.9452172225277391,0.9452172225277391,0.6750709871001505
X98655X5-x11008_y15104_w256_h256-img.tif,Cellpose,unsharp,0.9306616896151002,0.86962816716025,0.8991103475258135,0.8991103475258135,0.6101488342286294
X98655X5-x10752_y15616_w256_h256-img.tif,Cellpose,baseline,0.9206143109289728,0.7572465581977472,0.8309771462056842,0.8309771462056842,0.5508229162376598
X98655X5-x10752_y15616_w256_h256-img.tif,Cellpose,laplacian,0.9170515781370285,0.7951606174384648,0.8517674397819189,0.8517674397819189,0.576810978206249
X98655X5-x10752_y15616_w256_h256-img.tif,Cellpose,unsharp,0.9166952657912324,0.8469086357947434,0.8804212060231768,0.8804212060231768,0.5963210328407599
X98655X5-x7680_y18688_w256_h256-img.tif,Cellpose,baseline,0.9462835727670206,0.7874092481606003,0.8595668478116328,0.8595668478116328,0.6161348926635922
X98655X5-x7680_y18688_w256_h256-img.tif,Cellpose,laplacian,0.9415642900889866,0.8489662005229904,0.892870869383258,0.892870869383258,0.5865090212652089
X98655X5-x7680_y18688_w256_h256-img.tif,Cellpose,unsharp,0.9437929333181525,0.8078091247218567,0.870522548067246,0.870522548067246,0.6138941858578637
X98655X5-x10496_y16896_w256_h256-img.tif,Cellpose,baseline,0.9284796735680823,0.8068090415141417,0.8633788590751394,0.8633788590751394,0.5690720620583958
X98655X5-x10496_y16896_w256_h256-img.tif,Cellpose,laplacian,0.93009901657012,0.906662945878954,0.9182314655494875,0.9182314655494875,0.5285176898159522
X98655X5-x10496_y16896_w256_h256-img.tif,Cellpose,unsharp,0.9308025414403862,0.8609300874932287,0.894503901419861,0.894503901419861,0.5659868604908798
X98655X5-x8960_y18432_w256_h256-img.tif,Cellpose,baseline,0.9295209853245944,0.9062356265194822,0.9177306262320444,0.9177306262320444,0.6270710437184983
X98655X5-x8960_y18432_w256_h256-img.tif,Cellpose,laplacian,0.9291996257548695,0.8972830015112688,0.9129624522609706,0.9129624522609706,0.5510127035404397
X98655X5-x8960_y18432_w256_h256-img.tif,Cellpose,unsharp,0.9296625340895782,0.9127570799658322,0.9211322475030047,0.9211322475030047,0.6014436104045545
X98655X5-x7936_y19200_w256_h256-img.tif,Cellpose,baseline,0.9280018133487193,0.7457977974662582,0.8269827570376628,0.8269827570376628,0.6072195175990843
X98655X5-x7936_y19200_w256_h256-img.tif,Cellpose,laplacian,0.9215420682469393,0.878810962987497,0.8996694074764771,0.8996694074764771,0.589580087065118
X98655X5-x7936_y19200_w256_h256-img.tif,Cellpose,unsharp,0.9219769919045591,0.8958681791835721,0.9087350915504787,0.9087350915504787,0.5977657797105522
X98655X5-x16086_y11228_w256_h256-img.tif,Cellpose,baseline,0.9231288864254412,0.8808945306689145,0.9015173300404283,0.9015173300404283,0.6674145751389916
X98655X5-x16086_y11228_w256_h256-img.tif,Cellpose,laplacian,0.9236026967409202,0.9827275582221782,0.9522482482482483,0.9522482482482483,0.6310959577823538
X98655X5-x16086_y11228_w256_h256-img.tif,Cellpose,unsharp,0.9237914019414971,0.9468934397778549,0.9351997714565563,0.9351997714565563,0.6869754975306285
X98655X5-x9984_y16896_w256_h256-img.tif,Cellpose,baseline,0.9365019989245552,0.6616726407770198,0.7754568685147901,0.7754568685147901,0.5081082743974689
X98655X5-x9984_y16896_w256_h256-img.tif,Cellpose,laplacian,0.9263533986023784,0.8736847321561307,0.89924852936176,0.89924852936176,0.5148109811973826
X98655X5-x9984_y16896_w256_h256-img.tif,Cellpose,unsharp,0.9335274346513669,0.7202960075323346,0.8131655011655011,0.8131655011655011,0.5196868096916969
X98655X5-x7936_y18944_w256_h256-img.tif,Cellpose,baseline,0.9292462096183725,0.85856419225502,0.8925079757126685,0.8925079757126685,0.6114682750105902
X98655X5-x7936_y18944_w256_h256-img.tif,Cellpose,laplacian,0.9266453267190669,0.912303859290181,0.919418670391433,0.919418670391433,0.5949308060014384
X98655X5-x7936_y18944_w256_h256-img.tif,Cellpose,unsharp,0.9262177057645521,0.9233751876845909,0.9247942624847143,0.9247942624847143,0.6278851400643845
X98655X5-x9728_y17664_w256_h256-img.tif,Cellpose,baseline,0.9427113574381983,0.8734472302826775,0.9067585063083341,0.9067585063083341,0.6206268681370843
X98655X5-x9728_y17664_w256_h256-img.tif,Cellpose,laplacian,0.9375657161064203,0.9593916077076066,0.9483531004254222,0.9483531004254222,0.6375077082750142
X98655X5-x9728_y17664_w256_h256-img.tif,Cellpose,unsharp,0.9403881622362477,0.9060024127025529,0.9228751006716982,0.9228751006716982,0.6142609558268354
X98655X5-x12032_y17408_w256_h256-img.tif,Cellpose,baseline,0.936787490350263,0.8493944524026565,0.8909530192174707,0.8909530192174707,0.6109889390450347
X98655X5-x12032_y17408_w256_h256-img.tif,Cellpose,laplacian,0.9374911854579644,0.9738572730824326,0.9553282713358404,0.9553282713358404,0.6478059214425353
X98655X5-x12032_y17408_w256_h256-img.tif,Cellpose,unsharp,0.9371313738624667,0.9336990493553848,0.9354120630468284,0.9354120630468284,0.6222154685404508
X98655X5-x8960_y17408_w256_h256-img.tif,Cellpose,baseline,0.9404428965929679,0.8729021093188793,0.9054146733838534,0.9054146733838534,0.5546093120308944
X98655X5-x8960_y17408_w256_h256-img.tif,Cellpose,laplacian,0.9355776706577515,0.9822862926924835,0.9583631990570396,0.9583631990570396,0.5080606570600567
X98655X5-x8960_y17408_w256_h256-img.tif,Cellpose,unsharp,0.9423002523903392,0.8350584470711161,0.8854439857010551,0.8854439857010551,0.5523203437334616
Z99997Z8-x20224_y17408_w256_h256-img.tif,Cellpose,baseline,0.8339974135821887,0.8692555691153167,0.8512615609642982,0.8512615609642982,0.6171770459513028
Z99997Z8-x20224_y17408_w256_h256-img.tif,Cellpose,laplacian,0.8332980711590676,0.8608768510591792,0.8468629892760193,0.8468629892760193,0.6409828583738527
Z99997Z8-x20224_y17408_w256_h256-img.tif,Cellpose,unsharp,0.8329464687359425,0.8431722555144715,0.8380281690140845,0.8380281690140845,0.6034832566039264
Z99999Z8-x7936_y14080_w256_h256-img.tif,Cellpose,baseline,0.8118115370097114,0.8885591947115384,0.8484533309423473,0.8484533309423473,0.5882746571020846
Z99999Z8-x7936_y14080_w256_h256-img.tif,Cellpose,laplacian,0.8148365760714465,0.9115647536057693,0.8604908834661443,0.8604908834661443,0.6149515507571404
Z99999Z8-x7936_y14080_w256_h256-img.tif,Cellpose,unsharp,0.8138356235957992,0.8775540865384616,0.8444946460037048,0.8444946460037048,0.6013836194649931
Z99999Z8-x11776_y14848_w256_h256-img.tif,Cellpose,baseline,0.8576023230596754,0.8286805185579826,0.8428933987229161,0.8428933987229161,0.5655459726542299
Z99999Z8-x11776_y14848_w256_h256-img.tif,Cellpose,laplacian,0.8603336309054945,0.8728467412537737,0.8665450153827167,0.8665450153827167,0.5728258376043471
Z99999Z8-x11776_y14848_w256_h256-img.tif,Cellpose,unsharp,0.8595526478649103,0.8632924880127864,0.8614185088379923,0.8614185088379923,0.5762145127946118
Z99999Y8-x13824_y11520_w256_h256-img.tif,Cellpose,baseline,0.8575175844246687,0.7776466027628982,0.8156314106710528,0.8156314106710528,0.6420939510699896
Z99999Y8-x13824_y11520_w256_h256-img.tif,Cellpose,laplacian,0.8567951571633625,0.7257365379193684,0.7858389857187831,0.7858389857187831,0.6109049427944623
Z99999Y8-x13824_y11520_w256_h256-img.tif,Cellpose,unsharp,0.8580152092696895,0.7972230053566394,0.826502744718358,0.826502744718358,0.6552865120536954
Z99999Y8-x13824_y11008_w256_h256-img.tif,Cellpose,baseline,0.8251183604643622,0.6722589167767503,0.7408863265781505,0.7408863265781505,0.484974030429229
Z99999Y8-x13824_y11008_w256_h256-img.tif,Cellpose,laplacian,0.8235441452723857,0.6949537648612946,0.7538042699527153,0.7538042699527153,0.5121217222953032
Z99999Y8-x13824_y11008_w256_h256-img.tif,Cellpose,unsharp,0.8397965089712737,0.7283487450462351,0.7801123420631889,0.7801123420631889,0.5274567634670715
ZU511-x10077_y11316_w256_h256-img.tif,Cellpose,baseline,0.9346806263203679,0.9824478333278908,0.9579691455318335,0.9579691455318335,0.7530029528504196
ZU511-x10077_y11316_w256_h256-img.tif,Cellpose,laplacian,0.9351287656790238,0.9847663520882997,0.9593058858147173,0.9593058858147173,0.726684631490164
ZU511-x10077_y11316_w256_h256-img.tif,Cellpose,unsharp,0.9346548274137069,0.9761943637135486,0.9549730860766368,0.9549730860766368,0.7512333699801853
Z99999Z8-x12032_y14336_w256_h256-img.tif,Cellpose,baseline,0.8478596701051477,0.9169001940073291,0.8810294384175232,0.8810294384175232,0.6869840405047785
Z99999Z8-x12032_y14336_w256_h256-img.tif,Cellpose,laplacian,0.848656965609808,0.9313609254868147,0.8880876320004111,0.8880876320004111,0.6892891408461397
Z99999Z8-x12032_y14336_w256_h256-img.tif,Cellpose,unsharp,0.8493463033742885,0.9301034705755551,0.8878923766816144,0.8878923766816144,0.6926573983949262
ZU511-x11085_y11187_w256_h256-img.tif,Cellpose,baseline,0.931637099284158,0.9801247523779899,0.9552660342585427,0.9552660342585427,0.7687542977593098
ZU511-x11085_y11187_w256_h256-img.tif,Cellpose,laplacian,0.9318470849613115,0.9956778703688545,0.9627055862472892,0.9627055862472892,0.7362897285237552
ZU511-x11085_y11187_w256_h256-img.tif,Cellpose,unsharp,0.9306516724336793,0.9511140943992403,0.9407716286790009,0.9407716286790009,0.7690301458674162
ZU511-x14328_y5880_w256_h256-img.tif,Cellpose,baseline,0.9488156445097319,0.9970574047274482,0.9723385237804018,0.9723385237804018,0.8310061197695324
ZU511-x14328_y5880_w256_h256-img.tif,Cellpose,laplacian,0.948758478868052,0.9940987296993086,0.9708995539920849,0.9708995539920849,0.8284103982333177
ZU511-x14328_y5880_w256_h256-img.tif,Cellpose,unsharp,0.9488160653880887,0.9967679691268693,0.9722010931361401,0.9722010931361401,0.8319455002702215
Z99999Z8-x9216_y13312_w256_h256-img.tif,Cellpose,baseline,0.8234252940075225,0.8943399016599505,0.8574188117495902,0.8574188117495902,0.6758915503886556
Z99999Z8-x9216_y13312_w256_h256-img.tif,Cellpose,laplacian,0.8268523602722175,0.9185736995822397,0.8703030727602301,0.8703030727602301,0.6992354077359474
Z99999Z8-x9216_y13312_w256_h256-img.tif,Cellpose,unsharp,0.8231703226672034,0.9073163518059817,0.8631975098042663,0.8631975098042663,0.6852946445246937
Z99999Y8-x14080_y11520_w256_h256-img.tif,Cellpose,baseline,0.8482558139534884,0.793857180382003,0.8201554594971796,0.8201554594971796,0.6139659398041051
Z99999Y8-x14080_y11520_w256_h256-img.tif,Cellpose,laplacian,0.8542763220400175,0.843521332883035,0.8488647628038707,0.8488647628038707,0.6326884451405291
Z99999Y8-x14080_y11520_w256_h256-img.tif,Cellpose,unsharp,0.8545791475665658,0.8219820631168149,0.8379637156546771,0.8379637156546771,0.6317556463345922
Z99998Z8-x11520_y13056_w256_h256-img.tif,Cellpose,baseline,0.836225162915284,0.7528524637368175,0.7923516933100992,0.7923516933100992,0.5451149452010361
Z99998Z8-x11520_y13056_w256_h256-img.tif,Cellpose,laplacian,0.8435347555754124,0.8154806896303495,0.8292705245049595,0.8292705245049595,0.6099625322258423
Z99998Z8-x11520_y13056_w256_h256-img.tif,Cellpose,unsharp,0.8345171620955822,0.7315804628729798,0.7796658930934617,0.7796658930934617,0.5396256972083261
ZU511-x16457_y17527_w256_h256-img.tif,Cellpose,baseline,0.9424882811891673,0.9801285892432021,0.9609399809463322,0.9609399809463322,0.8578336269840424
ZU511-x16457_y17527_w256_h256-img.tif,Cellpose,laplacian,0.9423578467352771,0.9772458580983692,0.9594848147559231,0.9594848147559231,0.8562376300739998
ZU511-x16457_y17527_w256_h256-img.tif,Cellpose,unsharp,0.9427833841821168,0.9758854681199086,0.9590488771466315,0.9590488771466315,0.854809530587266
